<?xml version="1.0" encoding="UTF-8"?>

<mule xmlns:db="http://www.mulesoft.org/schema/mule/db" xmlns:json="http://www.mulesoft.org/schema/mule/json" xmlns:http="http://www.mulesoft.org/schema/mule/http" xmlns="http://www.mulesoft.org/schema/mule/core" xmlns:doc="http://www.mulesoft.org/schema/mule/documentation"
	xmlns:spring="http://www.springframework.org/schema/beans" 
	xmlns:xsi="http://www.w3.org/2001/XMLSchema-instance"
	xsi:schemaLocation="http://www.springframework.org/schema/beans http://www.springframework.org/schema/beans/spring-beans-current.xsd
http://www.mulesoft.org/schema/mule/core http://www.mulesoft.org/schema/mule/core/current/mule.xsd
http://www.mulesoft.org/schema/mule/db http://www.mulesoft.org/schema/mule/db/current/mule-db.xsd
http://www.mulesoft.org/schema/mule/http http://www.mulesoft.org/schema/mule/http/current/mule-http.xsd
http://www.mulesoft.org/schema/mule/json http://www.mulesoft.org/schema/mule/json/current/mule-json.xsd">
	<http:listener-config name="HTTP_Listener_Configuration" host="0.0.0.0" port="8081" doc:name="HTTP Listener Configuration"/>
	<db:mysql-config name="MySQL_Configuration" doc:name="MySQL Configuration" database="training" host="mudb.mulesoft-training.com" password="mule" port="3306" user="mule"/>
	<flow name="frist-jenkinsFlow">
		<http:listener config-ref="HTTP_Listener_Configuration" path="/GET" doc:name="HTTP"/>
		<db:select config-ref="MySQL_Configuration" doc:name="Database">
			<db:parameterized-query><![CDATA[SELECT * from american]]></db:parameterized-query>
		</db:select>
		<json:object-to-json-transformer doc:name="Object to JSON"/>
		<logger message="Payload sucessfull" level="INFO" doc:name="Logger"/>
	</flow>
</mule>
